PCA,Cluster,intra_cluster_total,total_dev_lost,error
0,15,5095.452432,5095.452432,
0,23,3200.248838,3200.248838,
0,34,2241.592983,2241.592983,
0,9,7719.467954,7719.467954,
